<?xml version="1.0" encoding="UTF-8" standalone="no"?>
<project>
	<configuration
		id="org.omnetpp.cdt.gnu.config.debug.144697532" name="debug">
		<extension
			point="org.eclipse.cdt.core.LanguageSettingsProvider">
			<provider copy-of="extension"
				id="org.eclipse.cdt.ui.UserLanguageSettingsProvider" />
			<provider-reference
				id="org.eclipse.cdt.core.ReferencedProjectsLanguageSettingsProvider"
				ref="shared-provider" />
			<provider-reference
				id="org.eclipse.cdt.managedbuilder.core.MBSLanguageSettingsProvider"
				ref="shared-provider" />
			<provider
				class="org.eclipse.cdt.managedbuilder.language.settings.providers.GCCBuiltinSpecsDetector"
				console="false" env-hash="715189005341870262"
				id="org.eclipse.cdt.managedbuilder.core.GCCBuiltinSpecsDetector"
				keep-relative-paths="false"
				name="CDT GCC Built-in Compiler Settings"
				parameter="${COMMAND} ${FLAGS} -E -P -v -dD &quot;${INPUTS}&quot;"
				prefer-non-shared="true">
				<language-scope id="org.eclipse.cdt.core.gcc" />
				<language-scope id="org.eclipse.cdt.core.g++" />
			</provider>
		</extension>
	</configuration>
	<configuration
		id="org.omnetpp.cdt.gnu.config.release.936793683" name="release">
		<extension
			point="org.eclipse.cdt.core.LanguageSettingsProvider">
			<provider copy-of="extension"
				id="org.eclipse.cdt.ui.UserLanguageSettingsProvider" />
			<provider-reference
				id="org.eclipse.cdt.core.ReferencedProjectsLanguageSettingsProvider"
				ref="shared-provider" />
			<provider-reference
				id="org.eclipse.cdt.managedbuilder.core.MBSLanguageSettingsProvider"
				ref="shared-provider" />
			<provider
				class="org.eclipse.cdt.managedbuilder.language.settings.providers.GCCBuiltinSpecsDetector"
				console="false" env-hash="715189005341870262"
				id="org.eclipse.cdt.managedbuilder.core.GCCBuiltinSpecsDetector"
				keep-relative-paths="false"
				name="CDT GCC Built-in Compiler Settings"
				parameter="${COMMAND} ${FLAGS} -E -P -v -dD &quot;${INPUTS}&quot;"
				prefer-non-shared="true">
				<language-scope id="org.eclipse.cdt.core.gcc" />
				<language-scope id="org.eclipse.cdt.core.g++" />
			</provider>
		</extension>
	</configuration>
</project>